Id,Modularity Class
2,1
51,1
4,1
101,1
10226,1
10365,1
10387,1
10715,1
117,1
118,1
1375,48
171,1
176,1
178,1
181,1
189,1
196,1
2024,1
2100,0
2137,14
231,1
251,1
256,1
2659,1
276,1
292,1
306,1
3085,1
3228,1
5033,1
566,48
59560,1
59565,1
59571,1
59574,1
59580,1
59581,1
68,1
7010,1
76,1
784,5
8326,1
8345,1
8351,1
8620,1
9,1
93,1
30,14
544,14
731,0
804,14
10352,1
10353,1
10354,1
10355,1
10356,1
10357,1
10358,1
10359,1
10360,1
10361,1
10363,1
10364,1
10366,1
10367,1
10368,1
10369,1
10370,1
10371,1
10372,1
10373,1
10374,1
10376,1
10377,1
10378,1
10379,1
10380,1
10381,1
10382,1
10383,1
10384,1
10385,1
10386,1
10459,1
112,1
17139,2
179,1
191,1
216,1
252,1
272,1
273,1
274,1
275,1
277,1
288,1
291,1
293,1
307,1
3084,1
312,1
32889,1
32890,1
401,1
40270,1
58252,1
8336,1
8349,1
91,1
9820,1
9823,1
78,1
190,1
315,1
389,1
8327,1
8334,1
8370,1
90,1
89,1
99,3
80295,3
103,1
10389,1
10761,1
108,1
10808,6
110,1
111,1
116,1
11678,6
119,1
126,6
14515,1
203,1
2105,6
36453,1
8352,1
92,1
95,1
106,1
3213,3
114,4
29923,4
100,1
10,1
10343,1
10349,1
10391,1
10443,1
10752,1
10753,1
10754,1
10756,1
10758,1
10759,14
10760,1
10763,1
10765,1
10766,1
121,1
170,1
172,1
182,1
183,1
184,1
186,1
188,48
1895,14
193,1
1959,14
197,1
198,1
200,1
201,1
204,1
207,1
208,1
210,1
2106,14
233,1
29660,1
3,6
31812,1
3447,1
4250,14
43046,1
452,14
478,1
479,1
505,0
510,14
527,14
540,14
547,14
5753,1
604,14
7,1
723,14
77,1
81,1
8601,1
125,14
1050,14
532,14
129,6
1230,10
12521,6
19901,48
20023,2
280,6
3253,29
37580,6
425,5
4558,48
47493,6
4985,6
590,10
667,10
719,6
131,6
489,48
133,6
136,6
15025,6
142,6
1306,48
4163,10
5543,6
641,48
642,48
786,48
789,48
889,48
143,5
1061,5
123,5
1233,3
134,5
1377,6
1399,5
1412,5
151,10
17293,5
2842,5
2919,6
3006,48
3046,5
3180,5
3204,5
3585,5
3695,5
40596,48
419,0
4304,3
437,6
439,6
442,6
456,5
518,48
5290,6
63966,5
656,6
665,5
764,5
7745,6
144,6
11684,6
11784,6
11904,6
1200,6
1211,6
124,6
12515,6
12517,6
1372,48
140,6
14504,6
1533,6
17161,10
17781,10
17890,6
20069,6
2104,5
226,6
2291,6
29182,5
3117,6
3450,6
392,6
444,6
4544,6
4574,6
498,48
5166,6
5287,10
554,48
59628,6
599,3
622,6
7007,1
736,6
7463,6
7878,6
85712,6
85715,6
85717,6
85723,6
85736,6
85739,6
885,6
146,6
10260,10
1212,10
130,6
1363,10
14026,10
14480,10
14873,10
17295,0
17714,10
17721,10
19097,10
19428,10
2878,9
3075,10
31476,10
3292,10
33674,10
33676,10
33680,10
33683,10
33724,10
33729,10
33731,10
33741,10
3381,10
33813,10
33863,10
34763,10
3697,10
3704,10
3850,10
4063,29
4220,10
429,10
4703,10
4717,10
5024,10
5529,10
5539,10
5580,48
5611,10
5905,10
7838,10
787,5
8129,10
8594,10
8612,10
8634,10
9313,10
971,10
155,6
104,14
11685,6
14880,5
156,3
40245,3
160,48
135,6
164,1
174,1
10755,1
10757,1
10762,1
10764,1
10767,1
1527,14
1884,14
2020,1
202,1
24704,1
29927,1
29928,1
29929,1
4314,14
4505,14
4506,14
4508,14
5178,14
549,14
5682,1
5683,43
645,14
744,1
9045,1
963,14
807,5
10250,10
10388,48
10442,48
10444,48
1066,48
1069,48
1070,48
1078,48
1079,48
1278,48
1279,48
1300,48
1310,48
1315,48
1317,48
1323,48
1334,48
14489,48
1546,48
1548,48
15674,48
17252,48
19417,48
19562,48
20677,14
2249,48
2386,48
2388,48
2392,48
2397,48
2398,48
24013,48
2478,48
2554,48
2615,48
2619,48
26400,48
2640,48
2641,48
2643,48
2645,48
2654,48
28472,48
28934,48
28935,48
28936,48
28937,48
28938,48
28939,48
28940,48
28941,48
28942,48
28943,48
28944,48
28945,48
3293,10
348,48
360,48
423,6
453,48
4822,48
502,48
5029,48
509,48
517,48
519,48
5247,48
530,48
531,48
538,48
5412,48
545,14
558,48
562,48
5671,48
5706,48
572,48
585,48
592,48
5986,48
5987,48
600,48
611,29
616,2
618,48
619,48
620,48
624,48
628,48
629,48
634,2
663,48
674,2
686,48
689,48
696,48
705,48
708,48
713,48
714,48
720,48
722,48
730,48
762,48
772,48
775,48
791,48
811,48
812,6
817,48
823,48
825,48
828,14
835,48
854,48
8626,48
864,48
892,48
905,48
928,48
995,48
205,1
556,6
59639,1
206,1
59589,1
10404,1
28331,48
28725,48
8319,1
8405,38
8621,1
8627,1
241,14
10351,14
15272,14
4503,14
39729,1
267,2
10214,2
10976,2
11649,23
19399,2
2905,5
3015,8
31526,2
3351,5
40634,2
48820,71
501,2
5204,0
5359,38
5769,2
78909,3
939,5
961,14
10375,1
17246,10
29,14
32891,1
58361,1
58413,1
7894,1
10362,1
29704,1
11381,1
32646,1
49048,1
58253,1
58254,66
8361,1
8608,1
281,14
11667,6
11680,14
28435,14
10346,1
8347,1
9046,1
301,1
11437,1
324,1
65482,1
327,3
3320,3
333,48
128,6
1371,5
138,5
15538,48
29129,48
448,48
457,6
515,48
5555,48
5584,10
5586,48
8268,10
8309,48
383,14
11653,14
11669,6
11732,6
11982,14
1276,14
15265,14
341,14
34424,14
34590,14
382,6
385,14
5644,14
6112,6
68219,14
68231,14
68240,14
68245,73
68250,14
68270,14
68307,73
68346,14
78266,14
78267,14
78268,14
78269,14
78270,14
78271,14
78272,14
78273,14
78274,14
78275,14
78276,14
78277,14
78278,14
78280,14
78281,14
78282,14
78283,14
78284,14
78285,14
78286,14
78289,14
78290,14
78360,14
78361,14
78484,14
78911,14
10973,0
11526,0
11533,0
11538,0
11540,0
1185,5
1236,5
1413,14
1414,14
1415,14
1494,0
1521,0
1522,0
1523,0
1524,0
1525,0
1526,0
1573,0
1595,0
17275,10
1815,0
1850,0
2027,0
2161,0
2162,0
24231,0
24235,0
24238,0
24243,0
24244,0
24245,0
24246,0
24247,0
24249,0
24250,0
27991,0
3061,0
3135,0
3158,0
3160,0
3161,0
3723,0
38215,0
3838,0
3985,0
4034,0
4071,0
4212,0
4213,0
4216,0
4265,0
4282,0
44215,0
4820,0
4845,0
4848,0
4859,0
4860,0
5200,0
5201,0
5203,0
5645,0
6036,0
63982,0
6768,0
7763,0
1198,5
12389,5
127,6
1272,5
14298,5
148,5
149,6
1612,2
17287,5
17635,5
17639,5
1798,14
18146,29
1888,5
1897,5
20683,14
2259,5
2333,14
2379,5
261,5
2701,0
2827,5
29135,5
2939,5
30537,29
3169,5
3214,5
3412,5
3740,2
424,5
4278,10
446,5
450,5
4564,5
4790,29
5314,5
5355,2
5422,5
546,14
5493,5
568,5
581,2
587,5
68186,5
68199,5
712,6
765,0
7858,5
874,5
913,5
917,5
930,5
19497,10
29885,10
29897,10
29980,10
29986,10
34924,10
34925,10
80415,3
19494,3
37341,3
548,48
454,48
1352,5
15817,10
1608,5
17292,5
2049,5
2050,5
2978,10
2980,5
2986,5
300,5
3008,5
3014,10
3230,5
3433,5
5282,5
5284,5
5294,5
5296,5
5300,5
5304,5
5313,5
5316,5
5319,10
938,5
77462,6
77478,6
463,6
482,48
483,48
484,48
485,48
486,48
487,48
488,48
491,48
497,48
499,48
500,14
507,10
508,48
513,48
516,48
529,14
536,48
542,14
553,14
560,48
589,14
617,48
682,48
684,29
694,48
709,48
710,14
743,48
750,48
751,48
759,3
800,48
810,14
814,14
819,14
834,14
871,2
875,48
884,48
933,48
12377,29
13355,10
1364,48
14052,29
24996,48
28332,48
29212,48
33241,48
34832,48
36150,29
520,48
521,14
522,14
523,48
524,48
525,48
526,48
539,48
541,14
543,14
5562,29
626,48
8148,48
877,48
929,10
492,14
187,14
493,48
1504,48
494,14
1831,14
1833,14
1846,14
506,14
495,48
2120,48
738,48
1354,48
1355,48
1597,48
1598,48
1605,48
17234,10
17910,48
2846,48
735,48
1329,48
1539,48
1547,48
1550,48
28281,48
33152,48
40579,48
5553,10
5574,29
673,48
76413,48
76414,48
76430,48
76432,48
76444,48
802,48
816,48
2101,14
10269,2
1071,48
1076,48
1080,2
1249,2
1316,2
1330,2
1498,2
1589,48
17905,2
17909,5
2369,2
2410,2
2502,2
3034,2
32536,2
3471,2
3584,2
3605,2
39811,2
4252,2
4284,2
51339,2
52007,2
52008,2
52009,2
52011,2
52020,2
52022,2
52024,2
52031,2
52034,2
52041,2
52050,2
52053,2
52055,2
52059,2
52060,2
52064,2
52067,2
52068,2
52075,2
52084,2
52110,2
52117,2
52124,2
52142,2
52158,2
52170,2
52177,2
52206,2
5441,2
5632,2
5633,2
597,2
603,48
625,48
654,2
6982,2
726,2
914,48
9830,2
1189,14
29176,0
3028,0
3141,0
3142,0
3557,0
3559,0
3647,2
3672,0
3706,0
4336,0
4429,0
4868,0
4870,0
5171,0
5214,0
7437,0
748,0
1067,48
1068,48
1072,48
1077,48
1295,48
1318,48
1325,48
1328,48
1331,48
1336,48
1360,48
1376,48
1492,48
1538,48
1540,48
1541,48
1545,48
1549,48
1551,48
1552,48
45613,48
598,48
607,48
610,48
623,48
679,48
690,48
693,48
711,48
733,48
742,48
756,48
76441,48
851,48
856,48
927,48
936,48
945,48
982,48
985,48
586,14
10220,5
11671,14
11673,14
11679,14
11681,14
11715,14
11773,14
11824,14
13320,14
15264,14
15274,14
15279,14
15281,6
15889,14
17740,5
1894,14
19495,14
20022,14
2047,14
215,29
22324,14
2288,14
34403,6
5358,14
550,14
954,14
11691,6
15285,6
432,6
916,6
948,3
1411,14
1813,14
2022,14
2126,14
23275,14
4288,14
4333,14
4504,14
5371,14
5373,14
5690,14
8431,43
1199,14
1213,14
1216,14
1418,43
15016,14
17140,14
19452,43
2021,14
2051,14
20575,14
20586,14
20667,43
20668,14
20670,14
20676,14
20679,14
20682,14
20686,14
20688,14
20698,14
20712,14
2073,38
20740,14
20742,14
20743,14
20744,14
20746,14
20747,14
20753,14
20766,14
20768,14
20770,14
20771,14
20778,39
20787,14
20806,14
20807,14
20811,14
20813,14
20819,14
20827,14
20835,14
20840,14
20845,14
20848,39
20850,14
20851,14
20854,38
20858,14
20861,39
20865,14
20885,14
20889,14
20944,14
20950,14
20951,14
20954,14
20956,14
20957,14
20963,43
21027,14
21031,14
2262,14
2378,48
4507,14
5277,14
5688,14
580,14
639,14
8435,43
890,14
901,14
962,14
1596,14
1849,14
2099,14
2234,0
2256,14
23500,14
23742,14
24072,14
24187,14
25297,14
36378,0
636,14
770,14
25398,14
2123,43
1953,14
2219,48
1062,48
1335,48
13621,48
15461,10
15484,48
19449,48
22461,48
27583,48
28216,48
28217,48
28221,48
28224,48
28231,48
28237,48
28258,48
28267,48
28268,48
28282,48
28291,48
28323,48
28345,48
28351,48
28354,48
28393,48
28395,48
28397,48
28404,48
28418,48
28427,48
28455,48
3137,48
3458,48
3480,5
3932,48
421,48
4280,48
4457,10
4459,48
4465,48
455,48
5032,48
5414,48
6017,48
6745,48
746,48
7644,48
777,48
919,48
1284,48
1285,48
1613,48
1601,48
1606,48
602,14
575,6
362,2
37331,2
46589,2
564,5
973,48
588,14
591,14
1392,14
1562,14
1563,14
1759,14
2019,14
1063,48
28815,48
11536,0
1814,2
22943,14
2332,0
24241,5
46616,2
46658,2
46872,2
47062,2
47329,2
47413,2
47415,2
5497,2
771,2
14736,14
2638,14
36591,14
4829,14
78254,14
78255,14
605,2
4840,2
563,2
5631,2
2132,48
1383,29
154,29
15581,29
18411,29
19630,29
2907,0
29641,29
29946,29
31435,29
32622,29
33711,29
33780,29
34450,29
35129,29
36592,1
37926,29
4730,29
4760,29
5236,29
52715,29
52723,29
52748,29
52755,29
52756,29
5477,0
630,29
809,29
8122,29
94,29
9930,29
612,14
1957,14
680,14
1064,48
1301,48
1308,48
1309,48
1312,48
1313,48
1321,48
1324,48
1326,48
1553,48
2169,48
2176,48
2177,48
2178,48
2179,48
24014,48
28215,48
5139,48
54490,48
5622,48
808,48
953,48
631,8
11528,0
12388,0
14497,48
1578,48
1593,5
17175,48
17193,48
17265,48
17276,48
19662,48
19985,48
19986,48
19987,48
2117,6
2173,48
2244,48
24132,48
27328,48
28704,48
28922,48
28968,48
28983,48
28984,48
29054,48
29122,48
29123,48
30100,48
3026,48
3092,0
3191,6
3281,48
3283,48
3284,48
3298,48
3303,48
3307,48
3382,48
3395,5
34111,48
34151,48
34608,48
3485,48
35128,48
3600,6
3701,48
3722,48
3727,48
3728,48
3731,48
3735,48
37852,48
3863,48
3870,48
3927,48
3941,6
3951,48
4112,48
4158,48
4267,48
4277,10
4287,6
4623,48
4819,0
4857,48
4961,48
4978,48
4979,48
5191,10
5197,48
5270,48
5293,10
5317,5
5381,48
5467,48
5502,48
5514,48
5517,48
5519,48
5538,48
5540,48
5541,10
5563,48
5596,10
5888,48
5891,48
6717,48
6781,48
69953,48
71226,48
7458,48
7701,48
774,48
77537,48
7826,48
80012,48
8173,48
86242,48
86266,48
86387,48
86397,48
9870,48
4428,48
1911,48
4219,48
4224,48
4226,48
4258,48
4259,48
4260,48
4283,48
4306,48
796,48
700,5
10200,5
10223,5
10288,5
11520,5
1294,5
1393,5
15452,10
15454,5
15494,5
15500,5
15557,5
15747,5
15749,5
15756,5
15758,5
15760,5
15765,5
15767,5
15769,5
15773,5
15775,5
15777,5
15778,5
15786,5
15788,5
15791,10
15796,5
15798,5
15807,5
15808,5
15820,10
15826,5
15914,5
15941,5
17643,5
17646,5
17734,5
18239,5
18265,5
18267,5
18280,5
18282,5
19030,5
19668,5
2353,5
23802,5
259,5
27392,5
28687,5
28688,5
29163,5
29167,5
29189,5
29192,5
29419,5
29933,5
3019,5
3040,5
3090,5
3165,5
3276,5
3355,5
3374,5
3413,5
34338,5
3457,5
3468,5
34822,5
35176,5
3604,5
36184,5
3620,5
3702,5
3707,10
3715,5
3719,5
3747,5
37894,5
44136,5
45051,5
45052,5
45060,5
4533,5
46252,5
46253,5
46255,5
46256,5
46257,5
4632,5
490,5
50345,5
5175,5
52077,5
5288,5
5301,5
5309,10
5310,10
5311,10
5312,10
5315,10
5334,5
5341,5
5342,5
5343,5
5344,5
53919,5
53981,5
5410,2
54104,5
5443,5
5468,5
5487,5
5496,5
643,5
6681,5
6688,5
6690,5
6701,5
6713,5
6815,5
6835,5
695,5
7475,5
7754,5
843,5
857,5
908,5
1332,48
1338,48
1586,10
1587,48
1588,48
2168,48
34591,48
8286,48
29206,6
15766,10
1201,14
1215,5
1223,14
1237,14
1238,14
1240,14
1241,14
15954,14
15960,14
1892,14
2143,14
25676,14
25896,14
25897,14
25898,14
25899,14
25900,14
25901,14
728,48
1274,48
1275,48
1277,14
1280,48
1281,1
1283,48
1567,48
447,48
573,48
697,48
841,48
10204,5
1055,48
1058,48
1060,48
2062,48
45199,48
4534,5
4565,48
4567,5
4583,5
4585,5
4647,48
535,48
5491,5
6833,6
740,5
87005,48
11531,0
11534,0
11539,0
11548,5
19992,0
21029,0
23709,5
24232,0
24233,0
24234,0
24236,0
24237,10
24239,0
24240,0
24242,0
24248,0
24251,0
24252,0
24253,0
24254,0
3119,0
3144,0
3163,0
3840,0
3841,0
3968,0
4407,0
4596,0
4873,0
5416,0
5610,0
6625,0
7088,0
799,5
8196,0
15768,10
755,48
14572,29
5571,29
766,0
780,14
2187,14
2188,14
2189,14
2190,14
2191,14
2192,14
2193,14
2194,14
2195,14
2196,14
2197,14
2198,14
2199,14
2200,14
2201,14
2202,14
2203,14
2204,14
2205,14
2206,14
2207,14
2208,14
2209,14
2210,14
2211,14
2212,14
2213,14
2214,14
2215,14
2216,14
2217,14
2218,14
561,14
683,14
782,8
4728,8
10222,48
1516,48
2271,48
31463,48
33290,5
3923,5
39616,6
39631,48
39727,48
5613,48
2453,5
3745,5
4269,5
1246,5
18313,5
27409,5
29144,5
3217,5
3463,5
3879,5
3924,5
393,5
4076,48
4214,5
51794,5
53379,5
53380,5
53384,5
53386,5
53393,5
53394,5
53402,5
53422,5
53426,5
53430,5
53440,5
53472,5
53502,5
53504,61
6695,5
2232,14
28789,48
40942,48
11686,6
11689,6
11692,6
11706,6
11794,6
11822,6
11887,6
11891,6
11893,6
11901,6
11903,6
11907,6
1384,6
14319,6
14321,6
14322,6
14323,6
14324,6
14325,6
14326,6
14327,6
14328,6
14329,6
14330,6
14331,6
14332,6
14333,6
14334,6
2054,6
244,6
249,6
332,6
368,6
416,6
4217,6
445,6
4458,6
4722,6
6693,6
9322,10
1896,48
5658,5
10196,48
11525,48
12513,6
17300,5
29058,48
3427,48
40439,48
5198,0
6829,48
7827,10
842,48
10176,48
1358,48
14308,6
14514,6
1582,48
19622,48
19648,48
20705,48
2091,48
2135,5
21545,48
2251,48
2289,48
2327,48
2362,48
2366,48
2371,48
2373,14
2384,48
2394,48
2396,48
24131,48
2483,48
2494,48
2609,48
2658,48
28256,48
28364,48
2838,48
28722,48
28723,48
28724,10
28726,48
28727,48
28728,48
28729,48
28730,48
28731,48
28732,48
28733,48
28734,48
436,10
4467,48
4468,48
5035,48
5037,14
5041,10
5240,48
5264,48
5721,48
5745,48
5752,48
5881,6
5882,48
5883,48
596,48
739,48
849,48
902,48
942,5
9860,5
15806,5
846,2
45540,48
5295,10
858,0
11523,2
26325,2
46618,2
5411,2
5630,2
6703,2
28792,48
34586,48
40578,48
4176,0
11695,14
11701,14
11702,14
1209,6
14507,0
14684,14
14902,14
1493,14
17755,14
17850,14
1867,14
1881,14
1891,14
19465,14
19609,14
19637,14
19653,14
20684,14
20711,14
20916,14
2092,14
20934,14
2096,6
21491,14
21507,14
21510,14
21511,14
21512,14
21513,14
21517,14
21518,14
21520,14
21521,14
21525,14
21643,14
22217,14
23310,14
23743,14
23744,14
23745,14
23746,14
23747,14
23748,14
23749,14
24182,14
246,0
414,14
420,6
4509,14
5179,14
5640,14
6692,14
7682,14
9012,14
925,14
49627,5
49628,5
11666,6
12446,6
13544,6
815,6
920,14
956,14
1528,48
2886,5
45588,48
5526,10
61568,48
61584,2
61596,2
61610,48
1017,5
3208,5
32085,5
3466,5
3613,0
3646,5
41739,5
87220,5
87221,5
33749,5
947,3
81782,3
81793,3
81896,3
81897,3
81898,3
81900,3
81901,3
81902,3
58574,3
80340,3
964,14
29194,48
1048,14
33132,14
1010,5
15883,5
17284,5
17291,5
17303,5
17316,5
17318,5
17327,5
17343,5
266,5
2839,5
2848,5
3431,5
3451,5
3460,5
3670,5
3907,5
4637,5
5442,5
5548,10
8365,9
8639,5
14478,5
11734,6
5392,48
80309,48
87092,48
87112,48
87154,48
14044,48
3449,5
34416,48
55017,48
36770,48
3713,48
3716,10
3734,10
47947,48
4808,48
5286,10
5600,48
61597,48
71211,48
71216,48
71230,48
71237,48
71245,48
71284,48
71302,48
71335,48
71355,48
71396,48
1190,2
1214,6
1226,14
2028,14
21463,14
21499,14
28576,10
34940,3
4589,10
5546,3
8052,3
17776,14
17777,14
19646,0
25344,5
25345,5
25346,5
25347,5
25348,5
25349,5
25350,5
25351,5
25352,5
25353,5
25354,5
25355,5
25356,5
25357,5
25358,5
25359,5
25360,5
25361,5
25362,5
25363,5
25364,5
25365,5
25366,5
25367,5
25368,5
25369,5
25370,5
25371,5
25372,5
25373,5
25374,5
25375,5
25376,5
4215,0
8328,1
4554,1
61619,48
3624,0
86344,48
86954,48
87096,48
87142,48
52178,2
749,5
17317,48
19988,10
2482,10
28869,48
28887,48
28888,48
28241,48
28254,48
28297,48
5601,48
40314,48
40315,48
1370,5
1373,7
10466,7
1374,7
1404,7
14375,7
14376,7
14522,7
14690,7
1502,7
15078,7
15149,7
15150,7
1515,7
1556,7
1566,7
22958,7
29077,7
29078,7
29087,7
29283,7
3202,7
4211,7
4329,7
55064,7
58391,7
7688,7
19454,0
2863,48
29051,48
1380,8
13586,5
1394,10
14474,10
29707,2
29725,5
34396,10
37367,5
46251,5
54120,5
18159,5
18647,5
2960,5
31425,5
31427,5
31428,5
31429,5
31446,10
31447,29
31464,5
31472,5
31489,5
31491,5
3231,10
5376,5
6094,9
1501,7
14484,7
28854,7
33197,14
2273,5
28781,48
28782,48
28783,48
28784,48
4334,0
5784,5
859,48
1529,48
1542,48
1543,48
1544,48
1619,48
17658,14
2166,48
2167,48
2170,48
2171,48
2172,48
2174,48
2175,48
2180,48
2181,48
2376,48
54247,48
5614,48
5615,48
5616,48
5617,48
5618,48
5619,48
5620,48
5621,48
567,48
644,48
718,48
12514,5
17348,5
17914,5
18417,5
2048,5
28689,5
28690,5
28691,10
29018,5
29019,5
29020,5
3057,5
3067,5
3069,5
3070,5
3071,5
3127,5
3173,5
3174,5
3176,0
3178,5
3199,5
3205,10
3215,5
3322,5
3324,5
3354,5
3425,5
3432,5
3443,5
3455,5
3578,5
3583,5
3592,9
3694,5
3703,10
3709,5
3712,5
3714,9
3717,5
3718,5
3845,10
3862,5
4088,5
4755,10
4973,5
5097,5
5190,0
5195,0
5279,5
5280,5
5281,5
5283,5
5285,5
5289,10
5291,10
5292,10
5297,5
5298,10
5299,5
5302,5
5303,5
5305,5
5306,5
5307,5
5308,5
5318,5
5320,5
5321,5
5322,5
5323,5
5324,10
5325,5
5326,5
5327,5
5328,5
5329,5
5330,5
5331,5
5332,5
5333,5
5335,5
5336,5
5337,5
5338,5
5339,5
5340,5
5423,5
8374,5
9010,5
949,10
15787,10
1599,14
1600,14
1603,5
1819,8
1302,8
17644,8
19888,8
34414,8
35709,8
3903,8
3952,8
5447,8
769,8
7727,8
6092,14
1851,14
1852,14
1225,14
1901,7
7553,7
33109,14
3017,0
3612,0
5164,0
2023,48
10709,1
11431,1
11432,1
11433,1
11434,1
11435,1
58284,1
58416,1
59672,1
2025,14
2934,9
2962,9
3198,5
3229,1
37152,5
4077,5
2052,6
15953,3
2090,3
2093,48
2094,48
10182,6
10186,0
10393,0
10394,0
10395,0
12376,6
12386,0
12516,0
12519,6
13392,5
14300,6
14477,0
14495,0
1555,6
1616,0
17312,0
17325,0
17337,0
17342,3
17657,0
17661,6
17663,0
17664,0
17667,0
17668,0
17670,0
17671,0
17672,6
17673,0
17687,0
17708,0
17709,0
17718,6
17719,0
17758,0
17883,0
17884,0
17885,0
17891,6
18199,5
18251,0
18302,0
18318,0
18320,0
18321,0
18331,0
18339,0
18409,0
18419,0
18421,0
18427,0
18430,0
1885,0
19450,6
19456,0
19457,0
19460,0
19462,0
1949,0
1952,0
1956,5
19631,0
20054,0
2063,0
2098,6
2103,0
22022,0
2221,0
2316,3
2516,0
2517,0
2518,0
2519,0
26820,0
26824,0
27397,3
27543,0
28744,0
28752,0
28753,0
28754,0
28755,0
28758,0
28759,0
28764,0
28931,0
29169,0
29466,0
2967,5
3011,0
3012,0
3013,0
3021,0
30491,0
30550,0
3076,0
3079,0
3080,0
3081,5
3094,6
3108,5
3131,6
3206,0
3223,0
3272,6
33150,0
3323,74
33286,6
33288,6
33291,6
3331,10
3340,0
34184,0
34198,0
34244,0
34252,0
3426,5
34269,0
34278,0
34286,0
3430,0
3448,0
3456,0
34585,0
3474,5
3479,10
3482,0
35148,0
3527,9
3530,0
35452,0
35623,0
36148,0
3648,0
3666,0
3755,0
38325,0
38326,0
38327,0
38328,0
38329,0
38330,0
38331,0
38332,0
38333,0
38334,0
38335,0
38338,0
38339,0
38340,0
38341,0
38342,0
38343,0
38344,0
38345,0
38348,0
38349,0
38352,0
38353,0
39706,0
39707,0
39851,0
40374,0
4174,0
4234,0
42857,0
42858,0
42859,0
42860,0
42861,0
42862,0
42863,0
42864,0
42865,0
42866,0
42867,0
42868,0
42869,0
42870,0
42871,0
42872,0
42873,0
42874,0
42875,0
42876,0
42877,0
42878,0
42879,0
4309,0
4312,0
435,6
5028,0
5161,0
5162,0
5211,0
5216,0
6694,6
6756,0
6880,0
7241,0
7457,0
7730,0
7735,0
7737,6
7742,6
8179,0
1245,14
20671,14
2129,3
21645,14
4483,14
2160,14
2228,14
2238,14
1009,48
10181,48
10183,48
10184,48
1019,48
10213,48
10308,6
11639,48
11897,48
1287,48
1288,48
1289,48
1293,48
13362,6
13364,48
13366,48
1351,48
13899,48
1391,48
1402,48
14311,48
14560,48
15008,48
15126,48
1518,48
15457,0
15510,48
1554,48
15646,10
15681,48
15879,48
15885,48
15893,48
15932,48
17083,48
17088,48
17091,48
17095,48
17101,48
17107,48
17133,48
17788,48
18431,48
1866,48
19179,48
1943,48
19575,48
19610,48
19694,48
20663,48
20664,48
20960,48
21883,48
22025,48
2246,48
2253,48
22808,48
2296,48
2310,48
2357,48
24011,14
2520,48
2555,48
2611,48
2614,48
2616,48
2622,48
2642,48
2649,48
2666,48
2705,48
27367,48
27427,48
27511,48
27540,48
28289,48
28349,48
28411,48
28504,48
28633,48
28656,10
28668,5
28743,48
28889,48
29011,48
29012,48
29128,48
29241,48
29242,48
29243,48
29244,48
29245,48
29264,48
29301,48
29322,48
29348,48
29349,48
29350,48
29351,48
29352,48
29353,48
29455,8
29534,48
29678,48
29719,9
29739,48
29834,48
29925,48
29926,48
329,48
33006,48
34654,0
34778,48
35091,48
35105,48
35140,5
35207,48
357,48
37369,48
3895,48
3946,48
40344,48
40694,48
4223,48
4321,48
4338,48
4341,48
4345,48
4366,48
4456,48
4464,48
45097,5
45157,37
45410,48
4541,48
45614,48
45799,48
4593,48
4641,48
47311,48
4776,48
48021,48
49731,48
5034,48
5228,48
5239,48
5242,48
5245,48
5246,48
5253,48
5260,48
5263,48
5267,48
5268,48
5271,48
5273,48
53508,48
53917,48
5409,48
5454,48
5552,48
5627,48
5700,48
5701,48
5702,48
5703,48
5704,48
5705,48
5707,48
5708,48
5709,48
5710,48
5711,48
5712,48
5713,48
5714,48
5715,48
5716,48
5717,48
5718,48
5719,48
5720,48
5722,48
5723,48
5724,48
5725,48
5726,48
5727,48
5728,48
5729,48
5730,48
5731,48
5732,48
5733,48
5734,48
5735,48
5736,48
5737,48
5738,48
5739,48
5740,48
5741,48
5742,48
5743,48
5744,48
5746,48
5747,48
5748,48
5749,48
5750,48
5751,48
5754,48
5755,48
5756,48
5757,48
5758,48
5759,48
5760,48
5761,48
5762,48
5763,48
5764,48
5765,48
5766,48
5767,48
5768,48
5770,48
5771,48
5772,48
5773,48
5774,48
5775,48
5776,48
5777,61
5778,48
5779,48
5780,48
5781,48
5782,48
5783,48
5785,48
5786,48
5787,48
5788,48
5789,48
5790,48
5791,48
5792,48
5793,48
5794,48
5795,48
5796,48
5797,48
5798,48
5799,48
5800,48
5801,48
5802,48
5803,48
5804,48
5805,48
5806,48
5807,48
5808,48
5809,48
5810,48
5811,48
5812,48
5813,48
5814,48
5815,48
5816,48
5817,48
5818,48
5819,48
5820,48
5821,48
5822,48
5823,48
5824,48
5825,48
5826,48
5827,48
5828,48
5829,48
5830,48
5831,48
5832,48
5833,48
5834,48
5835,48
5836,48
5837,48
5838,48
5839,48
5840,48
5841,48
5842,48
5843,48
5844,48
5845,48
5846,48
5847,48
5848,48
5849,48
5850,48
5851,48
5852,48
5853,48
5854,48
5855,48
5856,48
5857,48
5858,48
5859,48
5860,48
5861,48
5862,48
5863,48
5864,48
5865,48
5866,48
5867,48
5868,48
5869,48
5870,48
5871,48
5872,48
5873,48
5874,48
5875,48
5876,48
5877,48
5878,48
5879,48
5880,48
5884,48
5885,48
5886,48
5887,48
593,48
59640,48
59641,48
59642,48
59643,48
59644,48
59645,48
59646,48
59647,48
59648,48
59649,48
59650,48
59651,48
59652,48
59653,48
59654,48
59655,48
59656,48
59657,48
59658,48
59659,48
59660,48
59661,48
59662,48
59663,48
59664,48
59665,48
59666,48
59667,48
6618,48
6805,6
706,48
725,48
745,48
7459,48
7481,48
7499,48
7670,48
830,48
8304,48
831,48
832,48
8595,48
9960,29
2468,2
2475,1
2613,48
87192,48
2700,48
4511,0
11890,6
17353,5
2850,10
3003,5
3222,5
5438,5
56184,5
56185,5
56192,5
56193,5
56215,5
56228,5
56242,5
6656,5
7455,5
9323,5
2844,9
1609,9
35445,9
35447,9
3756,5
4143,10
7991,9
8344,9
10246,10
11405,10
2935,10
2990,10
3881,10
3883,10
2876,9
17264,9
17266,9
222,9
3055,9
3309,9
33768,71
34394,5
3465,9
3931,29
3948,9
42784,9
4625,9
47233,9
5172,9
5530,9
5603,9
59059,9
59060,9
59061,9
59062,9
59063,9
59066,9
59067,9
59073,9
59089,9
6039,9
6040,9
6042,9
6048,9
6052,9
6054,9
6078,9
6095,9
6096,9
6110,9
6587,10
6819,9
8367,6
15810,5
5472,10
3678,5
6026,9
6027,9
6029,9
6032,9
6034,9
6038,9
6043,9
6044,9
6045,9
6046,9
6050,9
6055,9
6057,9
6060,9
6064,9
6067,9
6070,9
6073,9
6077,9
6088,9
6089,9
6090,9
6129,9
6137,1
3147,0
3220,10
3472,10
4842,10
6627,1
6782,6
6800,10
7091,5
7471,10
8368,10
3423,5
6654,5
2966,10
15813,10
17235,10
17251,10
18145,10
2979,10
3481,10
3918,10
5485,10
31824,5
51246,5
51249,5
51254,5
51255,5
50022,0
50115,0
54667,0
72781,0
72782,0
72783,0
72785,0
72787,0
72788,0
72790,0
72793,0
72795,0
72808,0
72809,0
72813,0
72814,0
72820,0
72822,0
72823,0
17855,10
33686,10
5475,10
58811,10
58813,10
58815,10
8375,10
19569,8
34544,48
44582,8
44583,8
44584,8
44585,8
44587,8
44588,8
44589,8
44590,8
44591,8
44592,8
44593,8
44595,8
44596,8
44599,8
44600,8
44601,8
44603,8
44605,8
44607,8
44608,8
44609,8
3029,6
14301,6
152,6
15263,6
15268,6
15270,6
153,6
15327,6
17647,6
1955,6
20716,6
217,6
2261,6
23362,6
245,6
26106,6
29124,6
3032,6
3082,6
33217,6
33289,6
34404,6
3562,6
4460,6
4537,6
4568,6
4698,6
6006,6
8305,6
3050,3
3233,3
5459,3
3077,9
10195,9
27347,9
34471,9
35177,9
3925,9
5366,9
55283,9
55287,9
55288,9
55289,9
55304,9
5549,9
6765,9
3098,3
3099,3
6872,3
34478,5
49291,5
49292,5
49298,5
49307,5
8141,0
9971,5
14603,3
29964,6
36190,29
363,6
77459,6
77463,6
11535,0
62981,0
17324,0
37596,0
37607,0
37609,0
37611,0
37618,0
37622,0
37625,0
5890,0
3197,1
17077,10
37799,1
37803,1
37811,1
18480,5
18484,5
18503,5
18524,5
18526,5
2893,10
7710,10
3203,3
3224,3
78315,5
19367,5
19371,5
19378,5
3120,5
3405,5
27446,1
31677,10
31682,10
31685,10
31687,10
31688,10
14313,3
14720,29
17747,3
17973,3
20988,3
3218,3
3221,3
3424,3
34891,3
37321,3
37322,3
37621,3
4072,3
42504,3
4794,3
4805,3
50177,3
514,14
6747,3
70508,3
80315,3
80334,3
80335,3
80347,3
80348,3
80351,3
80352,3
80365,3
80366,3
80391,3
80398,3
80401,3
80410,3
80423,3
80431,3
80439,3
80469,3
80503,3
80511,3
80515,3
80523,3
80536,3
80630,3
8630,3
17298,3
3219,5
4065,10
5435,1
5588,10
6750,1
8017,1
8023,1
8189,1
8318,1
8320,1
8321,1
8322,1
8323,1
8324,1
8325,1
8329,1
8337,1
8338,1
8341,1
8348,1
8353,1
8355,1
8356,1
8371,1
8372,1
8379,1
8385,1
8386,1
8389,1
84,1
8403,38
8581,1
8582,1
8589,1
8591,1
8599,1
8602,1
8603,1
8624,1
8628,1
8635,1
8636,1
8637,1
8638,1
8643,1
8691,10
8692,1
10585,5
64400,5
64401,5
64403,5
64410,5
64415,5
64417,5
64418,5
17085,10
17137,10
4666,10
10229,3
82714,3
3285,10
32618,10
34795,10
3876,10
3286,10
10173,8
10410,10
12921,10
15669,10
15742,10
15759,10
15805,10
17124,10
17125,10
17151,10
17155,10
17156,10
17163,10
17164,10
17169,10
17172,10
17184,10
17197,10
17199,10
17206,10
17209,10
17212,10
17213,10
17214,10
17225,10
17228,10
17263,10
17267,10
17296,10
18436,10
28230,29
28279,10
28588,10
29434,10
2944,10
2958,10
3289,10
33752,10
33753,10
33834,10
33835,10
33840,10
34974,10
35003,10
35240,10
35253,10
35597,10
35598,10
35599,10
35600,10
35601,10
3882,48
3885,10
3888,10
3942,10
3944,10
3945,10
3983,10
3990,10
3992,10
40350,10
4095,29
4141,10
4146,10
4178,10
45923,10
4861,10
5163,10
5193,0
5380,10
5510,10
5527,10
5532,10
5534,10
5547,10
5558,10
5604,10
6886,10
7075,10
10265,10
15757,10
15785,10
17262,10
2930,9
3282,10
33685,10
33744,0
5512,10
5647,10
3297,48
12451,48
17350,5
18273,48
19593,48
20587,48
22043,48
27580,48
40405,48
53131,48
53133,48
7698,10
7699,48
86937,48
86938,48
11297,9
3310,10
5494,3
10189,5
10247,5
10248,5
10249,5
10252,5
17239,10
17240,5
17244,5
17331,5
2866,5
2948,5
32087,5
3271,10
33774,5
3446,5
3720,5
3868,5
3894,10
47929,5
47931,5
47933,5
47938,5
47941,5
47944,5
47945,5
47948,5
47950,5
47951,5
47953,5
47959,5
47975,5
47979,5
47984,5
5507,5
7707,5
7708,10
3385,0
10167,0
12385,0
17816,0
18219,0
18300,0
18301,0
19267,0
19282,0
3031,0
3149,0
3150,0
3155,0
3156,0
34174,0
342,6
34212,0
34237,0
34243,0
34261,0
34275,0
34633,0
3469,5
34773,0
3563,0
3602,0
3609,0
3659,0
38336,0
38337,0
38346,0
38347,0
38350,0
38351,0
38354,0
38355,0
38356,0
38357,0
38358,0
38359,0
38360,0
38361,0
38362,0
38363,0
431,0
438,0
4584,0
465,0
4858,0
5210,0
5212,0
5215,0
5218,0
5220,0
5222,0
5898,0
5978,0
8340,0
42881,5
17334,29
29053,48
18198,71
33767,10
5646,10
48007,10
48756,10
48757,10
48758,10
48759,10
48760,10
48761,10
48762,10
48763,10
48764,10
48765,10
48766,10
48767,10
3544,5
18201,2
52391,2
52385,2
52386,2
11046,2
17911,10
46563,2
46564,2
46566,2
46574,59
46577,2
46580,2
46581,2
46584,2
46586,2
46587,2
46588,2
46590,2
46593,2
46596,2
46597,2
46599,2
46600,2
46610,2
46611,2
46612,2
46613,2
46614,2
46617,2
46623,2
46625,2
46628,2
46633,2
46656,2
46659,2
46660,2
46663,2
46670,2
46677,2
46686,2
46688,2
46691,2
46694,2
6780,2
9320,2
3669,5
1002,10
13359,10
1345,5
14027,10
14466,10
14467,5
14468,5
14469,6
14470,5
14471,5
14472,10
14473,5
14475,5
14476,5
14479,5
1517,5
1823,10
1829,5
3177,5
3759,3
3904,5
3917,10
4191,5
4294,5
4594,5
4988,10
5173,10
5462,5
5550,10
6018,10
6663,5
7664,6
7716,5
7751,5
8177,10
8616,5
8619,0
8629,0
13988,6
3372,10
52503,2
17893,5
17894,5
17895,5
11545,14
11546,14
2060,0
20788,0
2138,0
22999,0
6648,0
7114,0
4028,48
15523,29
19420,48
20047,48
20048,48
34536,48
34537,48
34538,48
5533,48
5560,29
773,48
7695,48
4183,5
4185,29
11791,29
12816,29
15127,29
17923,29
24012,29
2901,29
33306,29
5484,29
4210,7
38423,7
4577,5
54962,5
55043,5
1181,14
22805,14
33279,14
9825,14
2862,0
2873,0
3036,0
3044,0
3048,0
3087,0
3088,0
3089,0
3129,0
3152,0
3157,0
3545,0
3606,0
3629,0
3634,0
3650,0
3662,0
38234,0
3880,0
3935,0
3970,0
3986,0
4195,0
4202,0
4225,0
4264,0
4510,0
4863,0
4865,0
4866,0
4867,0
4869,0
4871,0
4872,0
5192,0
5194,0
5196,0
5199,0
5202,0
5205,0
5206,0
5207,0
5208,0
5209,0
5213,0
5217,0
5219,0
5221,0
28233,10
20710,14
2165,14
33295,14
33296,14
33297,14
33298,14
33299,14
2064,14
5177,14
45686,0
53928,5
4610,3
4709,6
15612,10
15741,10
15799,10
15825,10
17150,10
17238,10
17243,10
17245,10
17247,5
17248,10
17249,10
18405,10
2942,10
33778,10
33794,10
3401,10
3403,10
3404,10
3406,10
3408,10
3753,10
5501,10
5554,10
5565,10
5578,10
6116,10
67422,10
7703,10
7704,10
7705,10
7712,37
7713,10
4694,6
11292,6
11293,6
4715,3
10164,6
10302,6
10701,10
10702,10
10703,10
10704,10
10705,10
10706,10
10707,10
23082,10
2479,10
2845,6
3052,10
34668,10
34669,10
34821,10
3611,6
3652,6
3940,6
4075,10
4162,6
4540,10
4548,5
4656,6
4706,10
4839,10
5452,9
6588,6
6617,6
6626,10
6632,10
6639,10
6657,6
6658,6
6673,5
6674,6
6680,10
6708,6
6764,6
6776,6
6814,6
7020,6
8190,6
9315,10
9316,10
9325,6
9326,10
9328,10
9331,10
3140,0
62973,0
62986,0
27547,10
28207,10
33667,10
33668,10
33669,10
33670,10
24534,1
2657,1
10805,1
113,1
11778,6
1206,10
13318,10
13325,10
13348,10
13358,10
13360,10
14131,10
14377,10
15449,10
15490,29
15526,10
15591,10
15611,10
15622,10
15629,10
15638,10
15697,10
15903,10
15911,10
15924,10
17641,10
17757,10
17922,10
19187,10
19403,10
19416,10
19542,10
19557,10
19561,10
20433,10
238,10
247,10
2556,10
27433,10
27455,10
27575,10
28381,5
28927,3
28966,10
29015,10
29158,10
29168,5
29224,10
29345,10
29457,10
29640,10
29645,10
29664,10
29679,10
29727,10
29730,10
29732,10
29846,10
29883,10
29893,10
29899,10
29987,10
29989,10
30107,10
30175,10
30255,10
323,10
32337,10
32577,10
32665,10
32745,10
33693,10
33880,10
33881,10
33882,10
33905,5
33907,10
34364,5
34397,10
34399,10
34530,10
34554,10
34601,10
34602,10
34603,10
34604,10
34672,10
34673,10
34674,10
34679,10
34682,10
34761,10
34762,10
34797,10
34798,10
34799,10
34800,10
34801,10
34802,10
34803,10
34804,10
34805,10
34806,10
34807,10
34808,10
34809,10
34810,10
34811,10
34812,10
34813,10
34814,10
34815,10
34816,10
34817,10
34818,10
34819,10
34820,10
3874,10
390,10
3949,10
4413,10
4461,10
4538,10
466,10
4679,10
469,10
473,10
4751,10
4802,10
5378,10
5478,10
5483,5
5994,10
7897,10
937,10
9814,10
9882,10
9910,10
9943,10
9966,10
9982,10
9990,10
5188,48
5189,48
28161,0
37962,0
37968,0
37980,0
37988,0
38047,0
38066,0
38443,0
32996,0
4646,0
4778,6
63266,0
69248,5
73495,0
73570,0
73583,0
73595,0
15804,5
79603,5
10044,6
10203,6
10802,6
12378,6
12390,6
15258,6
19535,6
22244,6
2493,6
262,6
30490,6
30494,6
30495,6
30496,6
30498,6
30501,6
30504,6
30514,6
30519,6
30520,6
30521,6
30522,6
30527,6
30528,6
30530,6
30532,6
30539,6
30545,3
30546,6
30548,6
30549,6
3225,6
399,6
4179,6
4181,5
6752,6
6830,3
767,6
65007,5
18150,5
18154,5
18155,5
4512,5
18197,10
67338,10
3210,5
5663,5
18481,10
57356,10
3083,5
5466,8
5388,48
27354,5
54259,5
15793,10
5504,8
3973,48
5531,10
4688,29
10321,10
10322,10
10323,10
10324,10
10325,10
10326,10
32722,10
3768,10
46674,2
36302,2
52052,2
5904,48
19181,10
33782,10
5973,48
5415,48
10221,6
11378,9
2975,9
2988,9
3058,9
32340,9
59444,9
59445,9
59446,9
59447,9
59448,9
59449,9
59450,9
59451,9
59452,9
59453,9
59454,9
59455,9
59456,9
59457,9
59458,9
63685,9
63687,9
63689,9
63690,9
63691,9
63692,9
63700,9
63702,9
63707,9
63709,9
63714,9
63715,9
63716,9
63721,9
63732,9
63735,9
63737,9
7882,9
10165,6
10172,6
10175,6
10179,6
10209,3
10211,0
10218,6
10219,6
10225,48
10274,6
10275,6
10276,6
10277,14
10278,6
10279,6
10280,6
10281,6
10282,6
10283,6
10284,6
10285,6
10286,6
10287,6
10289,6
10290,6
10291,6
10292,6
10293,6
10294,6
10295,6
10296,6
10297,6
10298,6
10299,6
10300,6
10301,6
10303,6
10304,6
10305,6
10306,6
10307,6
10309,6
10310,6
10311,6
10312,6
10313,6
10314,6
10315,6
10316,6
10317,6
10318,6
10319,6
10320,6
10797,6
1848,6
1863,6
2053,6
2952,6
2999,9
3059,0
3128,6
3288,6
3367,6
3572,6
3575,3
3617,6
3622,6
3641,6
3664,6
3884,6
3891,6
3926,6
3937,6
4196,3
4232,6
4779,6
4798,6
4968,6
5365,6
5456,6
5589,29
6058,14
6146,6
6600,6
6601,6
6602,6
6603,6
6605,6
6606,6
6609,6
6613,6
6614,6
6620,6
6622,6
6623,6
6629,6
6630,6
6631,6
6635,6
6636,6
6637,6
6638,6
6647,6
6652,6
6662,6
6664,6
6667,6
6670,6
6675,6
6679,6
6684,6
6686,6
6689,6
6697,6
6699,6
6700,6
6702,6
6704,6
6705,6
6706,6
6707,6
6709,6
6711,6
6712,6
6719,6
6720,6
6724,6
6729,6
6730,6
6731,6
6734,6
6738,6
6748,6
6751,6
6753,6
6754,6
6755,1
6757,6
6766,6
6771,6
6774,6
6778,6
6783,6
6791,6
6792,6
6793,8
6796,6
6797,0
6799,6
6804,6
6807,6
6812,6
6817,6
6818,6
6822,6
6823,6
6824,6
6825,6
6827,6
6828,6
6831,6
6838,6
6839,6
6840,6
6841,6
6843,6
6844,6
6846,6
6847,6
6848,6
6849,6
6852,6
6853,6
6854,6
6856,6
6862,6
6864,6
6866,6
6870,6
6871,3
7059,6
7468,6
768,6
8111,6
8339,6
8366,6
9533,6
9935,6
6596,2
3442,2
5684,2
6669,0
7731,0
29740,2
47200,2
6779,10
34616,10
7421,3
17722,48
28355,48
19878,10
10253,9
8103,1
8330,1
8332,1
8333,1
10390,1
33059,1
381,1
41407,1
59669,1
85,1
9186,1
9277,1
10257,9
2956,9
3078,9
5351,9
8373,11
7813,11
58867,10
1128,38
1149,38
1150,38
8376,38
8388,38
8393,38
8397,38
8404,38
8410,38
8411,38
8414,38
8417,38
8419,38
8425,38
8441,38
8442,38
8449,38
8450,38
8462,38
8469,38
8470,38
8472,38
8483,38
8494,38
8495,38
8504,38
8505,38
8506,38
8526,38
8540,38
8541,38
8548,38
8550,38
8566,38
8568,38
8570,38
8573,38
8578,38
8647,38
8651,38
8652,38
8656,38
8658,38
8672,38
8677,38
8681,38
8701,38
8704,43
8710,38
8713,38
8715,38
8716,38
8717,38
8725,38
8728,38
8735,38
8738,38
8745,38
8746,38
8748,38
8749,38
8754,38
8761,38
8764,38
8880,38
8882,38
8883,38
8884,38
8885,38
8886,38
8887,38
8888,38
8889,38
8890,38
8891,38
8892,38
8893,38
8896,38
8897,38
8899,38
8900,38
8901,38
8902,38
8904,38
8905,38
8906,38
8908,38
8909,38
8910,38
8911,38
8912,38
8913,38
8915,38
8916,38
8918,38
8919,38
8920,38
8921,38
8922,38
8923,38
8924,38
8925,38
8926,38
8927,38
8928,38
8929,38
8930,38
8932,38
8933,38
8934,38
8935,38
8936,38
8937,43
8938,38
8939,38
8940,38
8941,38
8943,38
2122,14
21677,43
21679,43
21681,43
21684,43
21685,43
21744,43
22456,43
22720,43
22737,43
22753,43
22873,43
23006,43
23180,43
23395,43
23396,43
23397,43
23398,43
23399,43
23902,43
8407,43
8482,43
8521,43
8600,1
8615,1
8618,1
10746,1
11299,1
11300,1
11301,1
8623,14
12356,14
2879,10
3848,10
11307,1
11308,1
11309,1
11310,1
11311,1
11313,1
11314,1
11315,1
11316,1
11317,1
11318,1
11319,1
11320,1
11321,1
11322,1
11323,1
11324,1
11325,1
11326,1
11327,1
11328,1
11329,1
11330,1
11331,1
11332,1
11333,1
11334,1
11335,1
11336,1
11337,1
11338,1
11339,1
11340,1
11341,1
11342,1
11343,1
11344,1
11345,1
11346,1
11347,1
11348,1
11349,1
11350,1
11351,1
11352,1
11353,1
11354,1
11355,1
11356,1
11357,1
11358,1
11359,1
11360,1
11361,1
11362,1
11363,1
11364,1
11365,1
11366,1
1135,38
1964,38
5928,38
8380,38
8394,38
8408,38
8415,38
8423,38
8427,38
8428,38
8429,38
8430,38
8434,38
8437,38
8440,38
8444,38
8446,38
8447,38
8448,38
8452,38
8453,38
8455,38
8463,38
8464,38
8468,38
8471,38
8475,38
8476,38
8477,38
8479,38
8481,38
8485,38
8486,38
8488,38
8489,38
8490,38
8493,38
8496,38
8503,38
8511,38
8512,38
8513,38
8515,38
8518,38
8520,38
8522,38
8525,38
8527,38
8528,38
8530,38
8531,38
8532,38
8534,38
8535,38
8536,38
8537,38
8539,38
8545,38
8546,38
8549,38
8551,38
8553,38
8555,38
8557,38
8563,38
8564,38
8576,38
8645,38
8646,38
8650,38
8654,38
8655,38
8659,38
8662,38
8663,38
8665,38
8666,38
8667,38
8668,38
8669,38
8671,38
8673,38
8676,38
8680,38
8682,38
8683,38
8685,38
8687,38
8698,38
8699,38
8700,38
8702,38
8703,38
8705,38
8706,38
8708,38
8709,38
8714,38
8718,38
8719,38
8720,38
8721,38
8722,38
8723,38
8724,38
8726,38
8727,38
8729,38
8731,38
8732,38
8733,38
8736,38
8737,38
8739,38
8740,38
8741,38
8742,38
8743,38
8744,38
8747,38
8751,38
8752,38
8753,38
8756,38
8757,38
8759,38
8760,38
8762,38
8768,38
8769,38
8770,38
8881,38
8894,38
8898,38
8903,38
8917,38
8942,38
8944,38
8945,38
8946,38
8947,38
8948,38
8949,38
8950,38
8951,38
8952,38
8953,38
10345,1
10347,1
10348,1
10350,1
13649,1
22953,1
32881,1
32882,1
32883,1
32884,1
32887,1
32895,1
3743,1
37911,1
6644,1
72,1
83,1
9195,12
9196,12
9321,9
14508,10
29731,10
29894,10
9685,43
9828,9
9907,13
9931,14
1239,14
20859,14
20860,14
10192,6
1004,5
32291,5
4187,5
4580,5
4615,5
53918,5
5445,29
10227,15
10228,15
1218,10
19887,10
33885,10
34402,10
34886,10
761,10
7842,10
909,10
10341,1
10344,1
321,1
10267,1
29791,1
29794,1
29810,1
32873,1
43031,1
43296,1
10406,1
10457,16
10467,16
10465,7
26118,7
58350,7
4015,29
10803,6
10804,6
75181,1
75185,1
75186,1
75187,1
75188,1
75189,1
75190,1
75191,1
75192,1
75193,1
11294,1
11304,1
11389,38
11460,3
11515,10
38294,0
38306,0
20855,14
21009,14
11638,6
11642,6
11643,6
11644,6
11645,6
11648,6
11650,6
11651,6
11652,6
11656,6
11659,6
11662,6
11663,6
11665,6
11677,6
14729,6
14730,6
14731,6
14732,6
11910,6
13589,6
11720,6
11746,6
11781,6
11786,6
11789,6
11825,6
11683,6
11748,6
14575,6
11753,6
14320,6
12045,14
15294,14
15295,14
15296,14
15297,14
15298,14
15299,14
15300,14
15301,14
15302,14
15303,14
15304,14
15305,14
15306,14
15307,14
15308,14
15309,14
15310,14
15311,14
15312,14
15313,14
15314,14
15315,14
15316,14
15317,14
15318,14
15319,14
15320,14
15321,14
15322,14
15323,14
15324,14
15325,14
11723,23
11733,23
11816,23
12595,23
12597,23
12599,23
14370,23
14373,23
14852,23
11728,17
11675,17
11729,18
14496,6
14595,6
13825,23
14369,23
14374,23
14571,6
14637,6
11764,23
14616,6
14622,6
11763,6
12364,6
12366,6
12368,6
12370,6
12371,6
15069,6
15070,6
15071,6
15072,6
15073,6
15074,6
15075,6
15076,6
15077,6
11800,23
11803,45
1296,45
11807,40
14659,40
14660,40
11810,23
11987,23
12096,23
12434,23
13472,23
13490,23
13497,23
13665,23
13675,23
14485,23
14486,23
14487,23
14488,23
11820,23
14727,23
14886,23
11823,6
14851,6
11843,1
15283,14
26116,1
265,1
29392,1
29873,1
318,1
3266,1
3997,1
4579,1
29820,6
11919,45
11738,23
11741,23
11842,23
11846,23
12076,23
12097,23
12108,23
12121,23
12152,23
12210,23
12215,23
12237,23
12239,23
12248,23
13336,23
13419,23
13666,23
13668,23
13797,23
13950,23
14183,23
14410,23
14425,23
14430,23
15153,23
15154,23
15155,23
15156,23
15157,23
15158,23
15159,23
15160,23
15161,23
15162,23
15163,23
15164,23
15165,23
15166,23
15167,23
15168,23
15169,23
15170,23
15171,23
15172,23
15173,23
15174,23
15175,23
15176,23
15177,23
15178,23
15179,23
15180,23
15181,23
15182,23
15183,23
15184,23
15185,23
15186,23
15187,23
15188,23
15189,23
15190,23
15191,23
15192,23
15193,23
15194,23
15195,23
15196,23
15197,23
15198,23
15199,23
15200,23
15201,23
15202,23
15203,23
15204,23
15205,23
15206,23
15207,23
15208,23
15209,23
15210,23
15211,23
15212,23
15213,23
15214,23
15215,23
15216,23
15217,23
15218,23
15219,23
15220,23
15221,23
15222,23
15223,23
15224,23
15225,23
15226,23
15227,23
15228,23
15229,23
15230,23
15231,23
15232,23
15233,23
15234,23
15235,23
15236,23
15237,23
15238,23
15239,23
15240,23
15241,23
15242,23
15243,23
15244,23
15245,23
15246,23
15247,23
15248,23
15249,23
15250,23
15251,23
15252,23
15253,23
15254,23
15255,23
15256,23
15257,23
12030,19
14990,19
14991,19
14992,19
14993,19
14994,19
14995,19
12054,23
12337,23
15386,23
15387,23
15388,23
15389,23
15390,23
15391,23
15392,23
15393,23
15394,23
15395,23
15396,23
15397,23
15398,23
15399,23
15400,23
15401,23
15402,23
15403,23
15404,23
12343,6
11770,6
12345,6
12346,6
12347,6
12350,6
12351,6
12352,6
12353,6
12361,6
37340,3
12512,48
12568,45
12612,20
11879,20
12620,6
14040,6
14640,6
13211,23
13370,45
13541,45
13542,6
13547,6
14579,6
13556,45
13570,23
13550,23
14361,23
13827,23
14728,23
13829,23
13961,6
14448,6
14449,6
14450,6
14451,6
14452,6
14453,6
14454,6
14455,6
14456,6
14457,6
14458,6
14459,6
14460,6
14461,6
14462,6
14463,6
14464,6
14041,23
12600,23
14303,21
14306,22
14307,22
14317,6
14318,6
14905,6
14908,6
14909,6
14335,6
14337,23
14360,6
14363,6
14364,23
12238,23
14530,23
14531,23
14532,23
14533,23
14534,23
14535,23
15338,23
14366,6
14368,23
14378,24
14379,24
14381,6
14382,23
14383,6
14445,6
14446,6
31127,6
14481,23
14482,23
14483,23
14493,23
14500,23
32612,6
14551,25
14552,25
14573,23
14574,23
14582,6
14604,6
14605,6
14606,26
14607,26
14609,1
14614,23
14623,23
14624,6
14627,6
14628,6
14893,6
14636,23
14643,45
14651,6
14171,6
14174,6
14494,6
14652,6
14653,6
14656,6
14657,27
14658,27
14661,28
14662,28
14670,45
14673,6
14679,23
14702,6
14703,23
14705,1
14706,1
14708,0
11430,29
13986,29
1536,29
15480,29
15505,29
1571,29
17255,29
18546,29
19137,29
19163,29
19275,29
19623,29
2102,29
27239,29
27430,29
27456,29
27560,29
28210,29
28211,29
2875,29
28999,29
2900,29
2914,29
2932,29
29443,29
29446,29
29472,29
2968,29
2970,29
31801,29
32584,29
32660,29
32758,29
32859,29
33300,29
33501,29
33740,29
34522,29
35001,29
35126,29
35197,29
35483,29
35498,29
35642,29
37364,29
37423,29
3961,29
3981,29
4020,29
4024,29
4031,29
4038,29
4041,29
4053,29
4078,29
4100,29
4108,29
4114,29
4116,29
4197,29
4199,29
42646,29
44138,29
4631,29
4635,29
4642,29
4680,29
4711,29
4758,29
4781,29
4783,29
48110,29
52779,29
5503,29
5509,6
5518,29
5521,29
5523,29
5537,29
5583,29
5585,29
5602,29
5609,29
63717,29
6643,29
67017,29
67452,29
69941,29
69949,29
7383,29
7666,29
78019,29
81907,29
836,29
9831,29
9976,29
14723,6
14887,30
14889,6
14890,6
14891,6
14892,6
157,6
14903,6
14976,23
14977,6
14996,6
15003,6
15004,23
15005,31
29344,31
15018,6
15021,23
15022,6
15023,32
15024,32
15062,33
15063,33
15080,6
11657,6
11658,6
11725,6
11848,6
11855,6
12333,6
13917,6
14804,6
15081,6
15082,6
15083,6
15084,6
15085,6
15086,6
15087,6
15088,6
15089,6
15090,6
15091,6
15092,6
15093,6
15094,6
15095,6
15096,6
15097,6
15098,6
15099,6
15100,6
15101,6
15102,6
15103,6
15104,6
15105,6
15106,6
15107,6
15108,6
15109,6
15110,6
15111,6
15112,6
15113,6
15114,6
15115,6
15116,6
15117,6
15118,6
924,6
15124,23
15132,6
15133,23
15134,23
15135,23
15151,23
15331,23
15333,34
15334,34
15339,23
15340,35
15341,35
15344,23
15345,23
15346,23
15347,23
15348,23
15349,23
15350,23
15351,23
15352,23
15353,23
15354,23
15355,23
15356,23
15357,23
15358,23
15359,23
15360,23
15361,23
15362,23
15363,23
15364,23
15365,23
15366,23
15367,23
15368,23
15369,23
15370,23
15371,23
15372,23
15373,23
15374,23
15375,23
15376,23
15377,23
15378,23
15379,23
15380,23
15381,23
15382,23
15383,23
15384,23
15385,23
15408,23
15409,23
15410,23
15411,23
15412,23
15413,23
15414,23
15415,23
15416,23
15417,23
15418,23
15419,23
15420,23
15421,23
15422,23
15423,23
15424,23
15425,23
15426,23
15427,23
15428,23
15429,23
15430,23
15431,23
15432,23
15433,23
15434,23
15435,23
15436,23
15437,23
15438,23
15439,23
15440,23
15441,23
15645,48
15754,10
34506,71
15774,10
5579,71
15772,71
19169,10
17346,5
17347,5
15936,14
14597,14
15904,14
15956,14
17763,14
20745,14
21703,14
23002,14
23079,14
23080,14
23081,14
23083,5
23084,14
23085,14
23086,14
5272,14
67317,10
17221,2
169,10
67233,10
17886,10
17253,36
17254,36
42880,36
29329,10
3587,10
37565,10
10261,9
2922,9
32286,9
32406,9
32407,9
32408,9
32409,9
32410,9
35444,9
5492,9
6315,9
63688,9
63742,9
63777,9
6584,9
77595,9
77596,9
77603,9
77604,9
77617,9
77619,9
8343,9
10083,5
10256,5
13354,5
14009,5
1572,5
1611,5
17908,5
18211,5
1822,5
18332,5
19578,3
2016,5
23898,3
2408,5
28342,48
28366,5
28367,5
28414,3
28749,5
29126,5
29127,5
29171,5
29172,5
29174,5
29464,5
30442,5
30535,5
31101,5
33137,5
34138,5
3417,5
3418,5
34825,5
34831,5
34934,5
34935,5
34936,5
34937,5
34938,5
34939,5
34941,5
3737,5
4233,5
4562,5
4570,5
4624,5
4663,5
4681,5
4787,5
5167,5
5168,5
5449,5
5450,5
5455,5
5463,5
5479,5
5488,5
5495,5
571,5
747,5
7484,5
7500,5
7752,5
7753,5
781,10
7915,5
8109,5
8290,5
886,5
899,5
9836,5
34485,0
10191,3
7427,3
17655,14
25323,14
3640,14
17778,14
17849,14
1183,3
1227,3
31805,3
32712,3
80430,3
80535,3
81924,3
82579,3
82615,3
18166,10
18209,1
18426,48
18512,5
19408,48
52678,48
29215,10
35004,10
4036,3
15657,8
45151,8
45152,8
45153,8
45154,8
19600,6
19640,6
14312,6
14509,6
14510,6
14516,6
14517,6
14519,6
14520,6
2075,6
225,6
29960,6
365,6
19786,37
19794,37
19785,37
19790,37
19792,37
19796,37
19797,37
19798,37
19800,37
20430,37
27556,37
29396,37
29480,37
33748,37
35165,37
35166,37
3656,37
3933,37
44780,37
45681,37
45682,37
45683,37
45685,37
45693,37
45696,37
45701,37
45702,37
45706,37
45707,37
45708,37
45710,37
45713,37
45714,37
45715,37
45726,37
45729,37
32626,37
45850,37
45941,37
45943,37
45944,37
45945,37
45946,37
45947,37
45948,37
45950,37
45951,37
45952,37
45980,37
45981,37
35192,10
672,8
20436,2
20693,14
22034,14
24595,14
20678,14
20694,14
20695,14
20696,14
20616,3
32777,3
20699,43
1007,14
12821,14
13316,14
14559,14
15261,14
15273,14
15290,14
15291,14
20501,14
20965,14
20975,14
21464,14
21498,14
21523,14
22028,14
23044,14
24004,14
24005,14
24006,14
24007,14
24008,14
24009,14
24010,14
26380,14
4290,14
7462,14
9921,14
76637,14
20764,14
22949,14
20769,14
22272,14
22273,14
22950,14
23057,14
23059,14
23062,14
23063,14
23073,14
24276,14
24993,14
24994,14
24995,14
26350,14
1234,14
24019,14
3685,14
21149,39
20750,43
21953,43
25219,43
25220,43
25221,43
25222,43
25225,43
25231,43
25240,43
25242,43
25244,43
25256,43
25263,43
25266,43
25276,43
25277,43
25279,43
25281,43
25287,43
25955,43
25962,43
25963,43
25964,43
25965,43
25966,43
25967,43
25968,43
25969,43
25970,43
25971,43
25972,43
25973,43
25974,43
25975,43
25976,43
25977,43
25978,43
25979,43
25980,43
25981,43
25982,43
25983,43
25984,43
25985,43
25986,43
25987,43
25988,43
25989,43
25990,43
25991,43
25992,43
25993,43
25994,43
25995,43
25996,43
25997,43
25998,43
25999,43
26000,43
26001,43
26002,43
26003,43
26004,43
26005,43
26006,43
26007,43
26008,43
26009,43
26010,43
26011,43
26012,43
26013,43
26014,43
26015,43
26016,43
26017,43
26018,43
26019,43
26020,43
26021,43
26022,43
26023,43
26024,43
26025,43
26026,43
26027,43
26028,43
26029,43
26030,43
26031,43
26032,43
26033,43
26034,43
26035,43
26036,43
26037,43
26038,43
26039,43
26040,43
26041,43
26042,43
26043,43
26044,43
26045,43
26046,43
26047,43
26048,43
26049,43
26050,43
26051,43
26052,43
26053,43
26054,43
26055,43
26056,43
26057,43
26058,43
26059,43
26060,43
26061,43
26062,43
26063,43
26064,43
26065,43
26066,43
26067,43
26068,43
26069,43
26070,43
26071,43
26072,43
26073,43
26074,43
26075,43
26076,43
26077,43
26078,43
26079,43
26080,43
26081,43
26082,43
26083,43
26084,43
20752,43
20767,14
20757,14
2124,14
20762,14
20822,14
21126,39
21152,14
21432,14
24168,14
24332,14
20800,43
20891,43
22372,43
22709,43
22713,43
22742,43
22745,43
23139,43
24718,43
26261,43
26262,43
26263,43
26264,43
26265,43
26266,43
26267,43
26268,43
26269,43
26270,43
26271,43
26272,43
26273,43
26274,43
26275,43
26276,43
26277,43
26278,43
26279,43
26280,43
26281,43
26282,43
26283,43
26284,43
26285,43
26286,43
26287,43
26288,43
26289,43
26290,43
26291,43
26292,43
26293,43
26294,43
26295,43
26296,43
26297,43
26298,43
26299,43
26300,43
26301,43
26302,43
26303,43
26304,43
26305,43
26306,43
26307,43
26308,43
26309,43
26310,43
26311,43
26312,43
26313,43
26314,43
26315,43
26316,43
26317,43
26318,43
26319,43
26320,43
20801,14
20931,14
20977,14
21000,14
21012,14
22959,14
23078,14
21930,42
20729,14
20730,14
20731,14
20732,14
20737,14
20790,14
20792,14
20793,14
20794,14
20795,14
20796,14
20803,14
20804,14
20817,14
20818,14
20821,14
21730,14
21731,14
21732,14
21734,14
21735,14
21736,14
21737,14
21739,14
21740,14
21742,14
21745,14
21747,14
21748,14
21751,14
21752,14
21753,14
21755,14
21756,14
21757,14
21758,43
21759,14
21760,14
21761,14
21763,14
21913,14
22224,14
22225,14
22449,14
22451,14
22452,14
22454,14
22457,14
22458,14
22459,14
22924,14
22925,14
22928,14
22929,14
22930,14
22932,14
22934,14
22935,14
22936,14
22937,14
22938,14
22939,14
22941,14
22944,14
22945,14
22946,14
22947,14
22954,14
22955,14
8400,14
8657,14
9093,14
20947,38
21911,38
23003,38
25060,38
25543,38
25544,38
25545,38
25546,38
25547,38
25548,38
25549,38
25550,38
25551,38
25552,38
25553,38
25554,38
25555,38
25556,38
25557,38
25558,38
25559,38
25560,38
25561,38
25562,38
8675,38
8791,38
9136,38
20857,14
23879,14
20946,39
21040,39
21080,39
21092,39
21097,39
21100,39
21103,39
21110,39
21114,39
21118,39
21125,39
21129,39
21141,39
21151,39
21155,39
21159,39
21160,39
21188,39
21198,39
21230,39
21270,39
21292,39
21296,39
21328,39
21343,39
21353,39
21362,39
21364,39
21367,39
21381,39
21384,39
21388,39
21389,39
21423,39
21426,39
21429,39
21433,39
21442,39
21443,39
21444,39
20826,14
22228,14
22230,14
22233,14
22234,14
22235,14
22236,14
22237,14
22238,14
22241,14
22762,14
22763,14
22764,14
22765,14
22766,14
22767,14
22768,14
22769,14
22770,14
22771,14
22772,14
22773,14
22774,14
22775,14
22776,14
22777,14
22778,14
22779,14
22780,14
22781,14
22782,14
22783,14
22784,14
22785,14
22786,14
22787,14
22788,14
22789,14
22790,14
22791,14
22792,14
22793,14
22794,14
22795,14
22960,14
20887,43
20906,43
1557,43
20879,43
21018,43
21683,43
22367,43
22428,43
22448,43
22579,43
22591,43
22703,43
22704,43
22706,43
22707,43
22710,43
22712,43
22714,43
22715,43
22716,43
22717,43
22718,43
22719,43
22721,43
22722,43
22724,43
22728,43
22732,43
22733,43
22734,43
22735,43
22739,43
22740,43
22741,43
22908,43
22961,43
22962,43
22963,43
22964,43
22965,43
22966,43
22967,43
22968,43
22969,43
22970,43
22971,43
22972,43
22973,43
22974,43
22975,43
22976,43
22977,43
22978,43
22979,43
22980,43
22981,43
22982,43
22983,43
22984,43
22985,43
22986,43
22987,43
22988,43
22989,43
22990,43
22991,43
22992,43
22993,43
22994,43
22995,43
22996,43
22997,43
23007,43
23298,43
23299,43
2446,43
8772,43
9084,43
20913,39
21045,39
21054,39
21055,39
21056,39
21063,39
21064,39
21066,39
21069,39
21086,39
21088,39
21093,39
21096,39
21106,39
21107,39
21111,39
21119,39
21130,39
21146,39
21147,39
21186,39
21190,39
21206,39
21218,39
21229,39
21243,39
21245,39
21246,39
21256,39
21259,39
21278,39
21295,39
21301,39
21308,39
21316,39
21323,39
21330,39
21356,39
21357,39
21374,39
21377,39
21394,39
21401,39
21405,39
21406,39
21420,39
21424,39
21431,39
21664,39
21665,39
21666,39
21809,39
21810,39
21811,39
22516,39
23419,39
23420,39
23421,39
23422,39
24767,39
26366,39
20920,3
9011,14
22723,43
23015,43
23018,43
23087,43
25318,43
26331,43
21139,39
23418,39
21142,42
21145,42
21169,42
21170,42
21439,42
21441,42
21453,42
21454,42
21467,42
21477,42
22875,42
23938,42
23939,42
23940,42
23941,42
23942,42
24598,42
26155,42
26156,42
21157,39
21158,39
21470,40
23280,40
29130,14
33067,14
5461,14
56908,14
78186,14
78187,14
78188,14
78189,14
21870,14
22266,41
22267,41
22796,42
21469,42
22445,42
23943,42
24286,42
24287,42
25315,42
25316,42
26212,42
22842,38
20791,38
21727,38
21903,38
21922,38
22853,38
22859,38
22862,38
22865,38
23123,38
23191,38
23198,38
23209,38
24418,38
24701,38
24702,38
24703,38
24705,38
24706,38
24707,38
24708,38
24709,38
24710,38
24711,38
24712,38
8480,38
22948,43
23056,14
20687,14
20970,14
21889,14
21890,14
23061,14
23068,14
23069,14
23462,14
23463,14
23464,14
23465,14
23466,14
23467,14
23468,14
23469,14
23470,14
23471,14
23472,14
23473,14
23474,14
23475,14
23476,14
23477,14
23478,14
23479,14
23480,14
23481,14
24272,14
23283,44
1138,44
23284,44
23285,44
23286,44
23287,44
23288,44
23289,44
23290,44
23291,44
23292,44
23999,44
23294,44
24683,44
25387,44
21150,39
21363,39
23504,45
23511,43
23514,44
23430,44
23516,39
23750,14
23803,43
35100,3
23996,46
23997,46
24124,43
20748,14
24170,14
24176,43
63083,0
24261,43
24596,43
24613,43
25319,43
25429,47
20914,47
22484,47
22485,47
22487,47
22488,47
22491,47
24273,47
24545,47
24547,47
25390,47
25391,47
25430,47
25431,47
25432,47
25433,47
25434,47
25435,47
25436,47
25437,47
25438,47
25439,47
25440,47
25441,47
25442,47
25443,47
25444,47
25445,47
25446,47
25447,47
25448,47
25449,47
25450,47
25451,47
25452,47
25453,47
25454,47
25455,47
25456,47
25457,47
25458,47
25459,47
25460,47
25461,47
25462,47
25463,47
25464,47
25465,47
25466,47
25467,47
25468,47
25469,47
25470,47
25471,47
25472,47
25473,47
25474,47
25475,47
25476,47
25477,47
25478,47
25479,47
25480,47
25481,47
25482,47
25483,47
25484,47
25485,47
25486,47
25487,47
25488,47
25489,47
25490,47
25491,47
25492,47
25493,47
25494,47
25495,47
25496,47
25497,47
25498,47
25499,47
25500,47
25501,47
25502,47
25503,47
25504,47
25505,47
25506,47
25507,47
25508,47
25509,47
25510,47
25511,47
25512,47
25513,47
25514,47
25515,47
25516,47
26352,14
26360,43
26376,14
55047,5
28333,48
28296,48
28662,48
28665,48
28670,48
28671,48
28673,48
28674,48
28676,48
28679,48
28680,48
28682,48
28683,48
28693,48
28694,48
28695,48
28696,48
5036,48
7476,48
28681,48
28376,48
28379,48
28271,48
28703,48
28398,48
28562,48
28658,8
28701,48
28737,48
28863,0
28864,0
6710,0
28865,48
28948,48
29086,48
28953,48
28969,48
40435,48
40436,48
40437,48
28977,49
28978,49
29007,48
10262,48
11516,48
1182,37
27447,48
28785,37
33756,48
33801,48
34427,48
3725,48
45155,48
45156,48
4965,48
5505,48
5506,48
5528,48
5567,48
5598,48
6075,48
8598,48
8607,48
29159,5
29201,48
29414,1
15129,1
163,8
29639,1
29646,1
29661,1
29675,1
29906,1
29921,1
29427,8
19157,8
27462,8
29425,8
33746,8
3440,8
34493,8
35230,8
45073,8
45074,8
45075,8
7406,8
7719,8
10038,10
4785,10
33776,37
45853,37
45855,37
45860,37
45863,37
45904,37
45906,37
34565,29
29649,1
29702,1
29811,1
53543,1
58362,1
58388,1
58389,1
8346,1
8350,1
29922,1
29939,50
29722,50
29952,6
29953,6
29954,6
29959,50
30615,6
85876,6
85877,6
30551,3
15916,3
32990,6
33027,1
10437,1
283,1
30011,1
33011,1
33012,1
33016,1
40266,1
40617,1
41941,1
41942,1
42224,1
42694,1
43368,1
52636,1
8632,1
33037,1
33053,0
33266,14
33400,2
33595,2
33616,2
33719,3
33727,10
15764,71
52890,71
5559,71
67244,71
33860,10
33877,10
33878,10
34395,9
15447,9
19133,9
32318,9
3899,9
3921,9
3936,9
44649,9
44650,9
45053,9
45057,9
5439,9
5440,9
9889,9
34561,10
34107,48
34765,10
35022,29
1005,29
11697,29
12994,29
13204,29
1405,29
1406,29
14556,29
15534,29
18235,29
18238,29
18242,29
24527,29
29865,29
29875,29
31984,29
33097,29
35013,29
35019,29
35041,29
35045,29
35063,29
36196,29
409,29
40987,29
41792,29
41843,29
44947,29
44993,29
45114,29
4683,29
47437,29
47937,29
48736,29
55993,29
55994,29
55996,29
58553,29
68277,29
70207,29
78227,29
78228,29
78229,29
78230,29
78231,29
78232,29
78233,29
78234,29
78235,29
78236,29
78237,29
78238,29
78424,29
78425,29
35622,48
35649,51
35535,51
36306,2
12372,2
19580,2
52173,2
5469,2
36593,1
36598,10
19276,10
19406,10
29983,10
32084,10
35960,10
40021,10
9942,10
27349,3
20614,3
40212,3
82022,3
37342,3
37343,3
38434,3
80337,3
37576,48
37966,52
37967,52
37969,0
37979,0
38008,0
38025,0
38097,0
38098,0
38099,0
38101,0
38103,0
37982,0
37972,0
37983,0
37984,0
37985,0
37986,0
37987,0
37989,0
37990,0
37991,0
37992,0
37993,0
37994,0
37995,0
37996,0
37997,0
37998,0
37999,0
38000,0
38001,0
38002,0
38003,0
38004,0
38005,0
38006,0
38007,0
38009,0
38010,0
38011,0
38012,0
38013,0
38014,0
38015,0
38016,0
38017,0
38018,0
38019,0
38020,0
38021,0
38022,0
38023,0
38024,0
38026,0
38027,0
38028,0
38029,0
38030,0
38031,0
38032,0
38033,0
38034,0
38035,0
38036,0
38037,0
38038,0
38039,0
38040,0
38041,0
38042,0
38043,0
38044,0
38045,0
38046,0
38050,0
38052,0
38053,0
38056,0
38058,0
38188,0
38085,0
38173,0
38430,53
38431,53
39639,48
40223,48
40320,48
40323,54
40580,54
40415,48
40424,48
40430,48
40440,3
40604,48
40693,48
40697,48
40981,48
41461,55
41462,55
42855,7
82700,7
42882,14
44639,8
44763,8
45067,8
44586,8
45088,8
45089,8
45090,8
44669,5
32086,5
45149,56
45150,56
19573,37
45719,37
45985,37
45986,37
45987,37
45988,37
45989,37
45990,37
45991,37
45992,37
45993,37
45994,37
45995,37
46016,37
46017,37
46018,37
45753,0
45956,48
45982,57
45996,58
46573,59
46579,59
46699,59
46895,59
46897,59
46899,59
46903,59
46907,59
46908,59
46909,59
46910,59
46912,59
46913,59
46914,59
46917,59
46918,59
46920,59
46922,59
47034,59
46575,59
46578,59
46744,59
46760,59
46798,59
46804,59
46818,59
46819,59
46820,59
46821,59
46822,59
46823,59
46824,59
46825,59
46826,59
46827,59
46828,59
46829,59
46830,59
46832,59
46833,59
46834,59
46835,59
46836,59
46837,59
46838,59
46839,59
46843,59
46844,59
46846,59
46847,59
46848,59
46849,59
46850,59
46863,59
46865,59
46885,59
46886,59
46936,59
46937,59
46944,59
46946,59
46947,59
46948,59
46949,59
46950,59
46952,59
46954,59
46960,59
46961,59
46962,59
46964,59
46965,59
46966,59
46967,59
46968,59
47059,59
47068,59
47069,59
47070,59
47221,59
47222,59
47223,59
47290,59
47291,59
46565,2
46591,2
46609,59
47092,2
46636,2
46695,2
46956,45
47021,59
47076,2
47079,2
11100,2
47088,2
47145,2
47208,2
47293,59
48640,5
47980,5
49772,1
10198,1
1179,1
17744,1
19368,1
35155,1
3751,1
6879,1
49796,60
49431,60
52033,2
52066,2
52513,2
52069,2
52322,5
52504,2
52848,29
52922,29
52923,29
52775,29
10040,29
10187,29
1343,29
15580,29
15587,29
15699,29
18162,29
18253,29
185,29
19162,29
19176,29
19289,29
19429,29
19548,29
19579,29
19583,29
19588,29
19993,29
21497,29
2241,29
24535,29
2469,29
27238,29
27331,29
27333,29
27357,29
27434,29
27435,29
27441,29
27497,29
27514,29
27518,29
27520,29
27576,29
28209,29
28253,29
28659,29
28661,29
2870,29
2874,29
2877,29
2892,29
2897,29
2902,29
2916,29
2917,29
29227,29
2923,29
2931,29
2937,29
29397,29
2940,29
29438,29
2953,29
2961,29
2971,29
2984,29
2985,29
29866,29
2987,29
29937,29
2995,29
30547,29
31460,29
31475,29
31802,29
32122,29
32528,29
32535,29
32606,29
32621,29
32625,29
32638,29
32647,29
32649,29
32721,29
32776,29
32778,29
33503,29
33732,29
33809,29
33872,29
33980,29
34102,29
34178,29
34300,29
34408,29
34442,29
34465,29
34468,29
34470,29
34482,29
34518,29
34589,29
34782,29
34955,29
34967,29
35101,29
35186,29
35454,29
35463,29
35491,29
35492,29
35513,29
35515,29
35518,29
35522,29
35530,29
35532,29
35549,29
35620,29
35627,29
35955,29
36466,29
3741,29
37930,29
37931,29
3873,29
3875,29
38874,29
3896,29
3909,29
3913,29
3950,29
3954,29
3957,29
3959,29
3963,29
3967,29
3976,29
3988,29
3993,29
3994,29
3999,29
4003,29
4004,29
4010,29
4013,29
4023,29
40231,29
40235,29
40248,29
4049,29
4051,29
4052,29
40568,29
4057,29
40612,29
40619,29
4067,29
4070,29
4080,29
4091,29
410,29
4117,29
4124,29
41258,29
4130,29
4138,29
4150,29
4159,29
41688,29
4188,29
4190,29
4193,29
43341,29
4359,29
4455,29
44661,29
44929,29
44940,29
45080,29
45128,29
45172,29
45197,29
4549,29
45798,29
45851,29
45924,29
45925,29
4602,29
4662,29
4684,29
4685,29
4690,29
4697,29
47405,29
47473,29
48020,29
48033,29
48053,29
48132,29
48947,29
49680,29
50346,29
52245,29
52246,29
52584,29
52593,29
52645,29
52729,29
5384,29
53922,29
5476,29
54850,29
5500,29
5511,29
5516,29
5520,29
5522,29
5524,29
5544,29
5545,29
5556,29
5557,29
5561,29
5564,29
5569,29
5570,29
5573,29
5575,29
5576,29
5581,29
5582,29
5587,29
5590,29
5591,29
5592,29
5593,29
5597,29
5606,29
5608,29
56326,29
56548,29
57085,29
58275,29
58677,29
58771,29
62346,29
62970,29
63436,29
63523,29
67435,29
67583,29
67634,29
67642,29
67734,29
6810,29
7166,29
7417,29
7466,29
7477,29
7483,29
7492,29
7512,29
7529,29
7679,29
77434,29
77491,29
77525,29
77526,29
77527,29
77528,29
77529,29
77530,29
77531,29
77532,29
77533,29
77534,29
77535,29
77536,29
77538,29
77539,29
77540,29
77541,29
77542,29
77543,29
77544,29
77545,29
77546,29
77547,29
77548,29
77549,29
77550,29
77551,29
77552,29
77553,29
77554,29
77555,29
77556,29
77557,29
77558,29
77559,29
77560,29
77561,29
77562,29
77563,29
77564,29
77565,29
77566,29
77567,29
77568,29
77569,29
77570,29
77571,29
77572,29
77573,29
77574,29
77575,29
77576,29
77577,29
77578,29
77579,29
7791,29
7821,29
7910,29
8317,29
976,29
9827,29
9864,29
9869,29
9893,29
9906,29
9919,29
9926,29
51540,5
54256,5
54379,5
53442,5
53446,48
53429,48
53915,48
54240,48
54241,48
54340,48
53496,61
2340,61
53914,61
54292,61
54293,61
54295,61
54298,61
54299,61
54300,61
54301,61
54302,61
54303,61
54304,61
54305,61
54307,61
54308,61
54309,61
54310,61
54312,61
54314,61
54315,61
54316,61
54317,61
54318,61
54319,61
54320,61
54711,61
54712,61
54713,61
54716,61
54717,61
54718,61
54719,61
54721,61
54722,61
54723,61
54724,61
54725,61
54726,61
54727,61
54728,61
54729,61
54730,61
54731,61
54733,61
54734,61
54735,61
54736,61
54737,61
54738,61
54739,61
54740,61
54741,61
54742,61
54743,61
54744,61
54745,61
54746,61
54747,61
54748,61
54749,61
54750,61
54751,61
54752,61
54753,61
54754,61
54755,61
54756,61
54757,61
54758,61
54759,61
54760,61
54761,61
54763,61
54765,61
54766,61
54767,61
54769,61
54771,61
54772,61
54773,61
54785,61
54786,61
54788,61
54789,61
54791,61
54792,61
54793,61
54794,61
54795,61
54798,61
54799,61
54800,61
54801,61
54802,61
54803,61
54804,61
54810,61
54812,61
54813,61
54814,61
54816,61
54817,61
54818,61
54820,61
54821,61
54822,61
54823,61
54826,61
54827,61
54844,61
54845,61
54852,61
54853,61
54854,61
54855,61
54856,61
53400,61
53432,61
53518,61
53854,61
53893,61
54093,61
54094,61
54384,61
54385,61
54386,61
54387,61
54388,61
54389,61
54390,61
54391,61
54392,61
54393,61
54394,61
54395,61
54396,61
54397,61
54398,61
54399,61
54400,61
54401,61
54402,61
54403,61
54404,61
54405,61
54406,61
54407,61
54408,61
54409,61
54410,61
54411,61
54412,61
54413,61
54414,61
54415,61
54416,61
54417,61
54418,61
54419,61
54420,61
54421,61
54422,61
54423,61
54424,61
54425,61
54426,61
54427,61
54428,61
54429,61
54430,61
54431,61
54432,61
54433,61
54434,61
54435,61
54436,61
54963,61
54964,61
54965,61
54966,61
54967,61
54968,61
54969,61
54970,61
53537,5
53913,5
54098,5
54103,5
54876,5
55316,74
11583,74
27637,74
27695,74
3179,74
32095,74
36761,74
41510,74
41512,74
41513,74
48775,74
50556,74
55310,74
55456,74
55463,74
55468,74
55475,74
55482,74
55483,74
55490,74
55498,74
55501,74
55517,74
55519,74
55530,74
55533,74
55540,74
55541,74
55544,74
55554,74
55560,74
55562,74
55566,74
55568,74
55624,74
55746,74
55747,74
55749,74
55750,74
55751,74
55752,74
55753,74
55754,74
55755,74
55756,74
55757,74
55758,74
55759,74
55760,74
55761,74
55762,74
55763,74
55764,74
55765,74
55766,74
55767,74
55768,74
55769,74
55770,74
55771,74
55772,74
55773,74
55774,74
55775,74
56148,74
55745,62
49214,62
55776,63
55309,63
56152,38
41711,38
43716,38
44184,38
55621,38
55748,38
55803,38
55806,38
55916,38
55930,38
55957,38
56125,38
56153,38
56154,38
56155,38
56156,38
56157,38
56158,38
56159,38
56160,38
56161,38
56162,38
56163,38
56164,1
56165,38
56166,38
56167,38
56168,38
56169,38
56170,38
56171,38
56172,38
56173,38
6102,38
6119,38
56583,64
56584,0
56590,0
56699,0
56702,0
56708,0
56709,0
56710,0
56711,0
56712,0
56713,0
56714,0
56715,0
56716,0
56717,0
56718,0
56719,0
58290,66
58264,66
58339,66
58340,66
58342,66
58343,66
58345,66
58346,66
58363,66
58364,66
58365,66
58366,66
58367,66
58368,66
58369,66
58370,66
58371,66
58372,66
58373,66
58374,66
58285,65
1560,65
37921,65
5939,65
58336,66
58347,1
58376,1
58378,67
58397,67
58381,1
58598,1
19401,1
20896,1
28623,1
31816,1
32976,1
59619,1
59670,1
48779,10
58865,40
58866,40
58868,10
58869,10
58870,10
58872,10
58876,10
59582,68
59638,48
61658,2
62787,69
82589,69
62966,0
63078,0
32436,9
24037,5
64562,70
18545,70
64657,2
67240,71
67274,71
67308,71
67350,71
67351,71
67353,71
67354,71
49009,71
67386,71
67459,71
67528,71
67557,71
67261,10
67267,71
67264,71
67265,71
67268,71
67269,71
67270,71
67271,71
67272,71
67273,71
67275,71
67276,71
67277,71
67278,71
67280,71
67315,72
67493,71
67495,71
67231,71
67496,71
67497,71
67498,71
67499,71
67500,71
67501,71
67502,71
67503,71
67504,71
67505,71
67506,71
67507,71
67508,71
67509,71
67510,71
67511,71
67512,71
67513,71
67514,71
67515,71
67516,71
67541,71
67542,71
14634,73
68228,73
68262,73
68354,73
68384,73
68687,73
68693,73
68694,73
68741,73
68746,73
68753,73
68756,73
68922,73
68927,73
69112,73
69351,73
69355,73
69380,73
69383,73
69395,73
69398,73
69407,73
69410,73
69418,73
69895,73
69906,73
70027,73
70189,73
70216,73
70247,73
70289,73
70290,73
70291,73
70292,73
70293,73
70295,73
70296,73
70297,73
70298,73
70299,73
70300,73
70303,73
70304,73
70307,73
70310,73
70343,73
70396,73
70397,73
70400,73
69139,73
70371,73
70470,73
70471,73
70472,73
70473,73
70474,73
70294,73
70301,73
70302,73
70305,73
70309,73
70372,73
253,5
68218,73
70306,73
70308,73
70399,73
70206,6
70452,73
71238,48
71255,48
71263,48
71264,48
71781,48
71784,48
71793,48
71796,48
71797,48
71801,48
71802,48
71803,48
71804,48
87063,48
71333,48
71407,74
1927,74
1944,74
35833,74
36478,74
36558,74
36684,74
41003,74
41010,74
43062,74
45561,74
45584,74
53436,74
5390,74
55529,74
55864,74
5662,74
5930,74
5931,74
61571,74
61574,74
61590,74
65172,74
71231,74
71254,74
71343,74
71369,74
71390,74
71742,74
71821,74
71822,74
71823,74
71824,74
71825,74
71826,74
71827,74
71828,74
71829,74
71830,74
71831,74
71832,74
71833,74
71834,74
71835,74
71836,74
71837,74
71838,74
71839,74
71840,74
71841,74
71842,74
71843,74
71844,74
71845,74
71846,74
71847,74
71848,74
71849,74
71850,74
71851,74
71852,74
71853,74
71854,74
71855,74
71856,74
71857,74
71858,74
71859,74
71860,74
71861,74
71862,74
71863,74
71864,74
71865,74
71866,74
71867,74
71868,74
71869,74
71870,74
71871,74
71872,74
71873,74
71874,74
71875,74
71876,74
71877,74
71878,74
71879,74
71880,74
71881,74
71882,74
71883,74
71884,74
71885,74
71886,74
71887,74
71888,74
71889,74
71890,74
71891,74
71892,74
71893,74
71894,74
71895,74
71896,74
71897,74
71898,74
71899,74
71900,74
71901,74
71902,74
71903,74
71904,74
71905,74
71906,74
71907,74
71908,74
71909,74
71910,74
71911,74
71912,74
71913,74
71914,74
71915,74
71916,74
71917,74
71918,74
71919,74
71920,74
71921,74
71922,74
71923,74
71924,74
71925,74
71926,74
71927,74
71928,74
71929,74
71930,74
71931,74
71932,74
71933,74
71934,74
71935,74
71936,74
71937,74
71938,74
71939,74
71940,74
71941,74
71942,74
71943,74
71944,74
71945,74
71946,74
71947,74
71948,74
71949,74
71950,74
71951,74
71952,74
71953,74
71954,74
71955,74
71956,74
71957,74
71958,74
71959,74
71960,74
71961,74
71962,74
71963,74
71964,74
71965,74
71966,74
71967,74
71968,74
71969,74
71970,74
71971,74
71972,74
71973,74
71974,74
71975,74
71976,74
71977,74
71978,74
71979,74
71980,74
71981,74
71982,74
71983,74
71984,74
71985,74
71986,74
71987,74
71988,74
71989,74
71990,74
71991,74
71992,74
71993,74
71994,74
71995,74
71996,74
71997,74
71998,74
71999,74
72000,74
72001,74
72002,74
72003,74
72004,74
72005,74
72006,74
72007,74
72008,74
72009,74
72010,74
72011,74
72012,74
72013,74
72014,74
72015,74
72016,74
72017,74
72018,74
72019,74
72020,74
72021,74
72022,74
72023,74
72024,74
72025,74
72026,74
72027,74
72028,74
72029,74
72030,74
72031,74
72032,74
72033,74
72034,74
72035,74
72036,74
72037,74
72038,74
72039,74
72040,74
72041,74
72042,74
72043,74
72044,74
72045,74
72046,74
72047,74
72048,74
72049,74
72050,74
72051,74
72052,74
72053,74
72054,74
72055,74
72056,74
72057,74
72058,74
72059,74
72060,74
72061,74
72062,74
72063,74
72064,74
72065,74
72066,74
72067,74
72068,74
72069,74
72070,74
72071,74
72072,74
72073,74
72074,74
72075,74
72076,74
72077,74
72078,74
72079,74
72080,74
72081,74
72082,74
72083,74
72084,74
72085,74
72086,74
72087,74
72088,74
72089,74
72090,74
72091,74
72092,74
72093,74
72094,74
72095,74
72096,74
72097,74
72098,74
72099,74
72100,74
72101,74
72102,74
72103,74
72104,74
72105,74
72106,74
72107,74
72108,74
72109,74
72110,74
72111,74
72112,74
72113,74
72114,74
72115,74
72116,74
72117,74
72118,74
72119,74
72120,74
72121,74
72122,74
72123,74
72124,74
72125,74
72126,74
72127,74
72128,74
72129,74
72130,74
72131,74
72132,74
72133,74
72134,74
72135,74
72136,74
72137,74
72138,74
72139,74
72140,74
72141,74
72142,74
72143,74
72144,74
72145,74
72146,74
72147,74
72148,74
72149,74
72150,74
72151,74
72152,74
72153,74
72154,74
72155,74
72156,74
72157,74
72158,74
72159,74
72160,74
72161,74
72162,74
72163,74
72164,74
72165,74
72166,74
72167,74
72168,74
71807,48
71383,48
71808,48
71809,48
71810,48
71811,48
71812,48
71813,48
71814,48
71815,48
71816,48
71817,48
71818,48
71819,48
71820,48
73603,0
74275,75
11151,75
74812,76
73620,76
75180,1
75194,1
77480,77
80349,77
80379,77
80451,77
80632,77
80761,77
80799,77
80800,77
80801,77
80802,77
80803,77
80804,77
77585,48
78844,14
15899,5
15951,5
24057,5
242,5
28201,5
31531,5
3216,5
35137,5
35139,5
35141,5
35142,5
35143,5
35144,5
3579,5
3621,5
4198,5
4796,5
732,5
78316,5
78332,14
78333,14
78334,14
78335,14
78336,14
78337,14
78338,14
78339,14
78556,14
78907,3
87003,48
87004,48
15267,3
80317,3
82620,3
80510,3
51186,3
58260,3
76270,3
82374,3
82375,3
82376,3
82382,3
82385,3
82386,3
82388,3
82389,3
82391,3
82392,3
82393,3
82395,3
82396,3
82397,3
82401,3
82402,3
82403,3
82404,3
82406,3
82407,3
82408,3
82409,3
82410,3
82411,3
82527,3
82528,3
82529,3
82530,3
82531,3
82532,3
82533,3
82534,3
82535,3
82536,3
82537,3
82538,3
82539,3
82540,3
82541,3
82542,3
82543,3
82544,3
82545,3
82546,3
82547,3
82548,3
82549,3
15507,3
18275,3
28768,3
3096,3
3337,3
37324,3
37325,3
8135,3
29103,3
81241,3
81242,3
81243,3
81244,3
80362,3
80397,3
80776,3
80777,3
80778,3
80779,3
80780,3
80781,3
80782,3
80783,3
80784,3
80785,3
80786,3
80787,3
80788,3
80789,3
80790,3
80791,3
80792,3
80793,3
80794,3
80795,3
80426,3
80361,3
80429,78
80501,3
80647,3
40816,3
76639,3
80862,3
80863,3
80868,3
80879,3
80884,3
80891,3
80938,3
81056,3
81107,3
81273,3
81274,3
81275,3
81276,3
81277,3
81278,3
81279,3
81280,3
81281,3
81282,3
81283,3
81284,3
81285,3
81286,3
81287,3
81288,3
81289,3
81290,3
81291,3
81292,3
81293,3
81294,3
81295,3
81296,3
81297,3
81298,3
81299,3
81300,3
81301,3
81302,3
81303,3
81304,3
81305,3
81306,3
81307,3
81308,3
81309,3
81310,3
81311,3
81312,3
81313,3
81314,3
81315,3
81316,3
81317,3
81318,3
81319,3
81320,3
80696,3
80697,3
80698,3
80699,3
80700,3
80701,3
80702,3
80703,3
80704,3
80705,3
80706,3
80707,3
80760,3
80759,3
80996,3
82004,3
81236,3
81335,3
81787,3
81918,3
82019,3
82512,3
82570,3
82588,3
83091,79
83092,79
83513,80
83514,80
85742,6
86233,81
86866,81
86869,81
86988,81
86990,81
86991,81
86993,81
86994,81
87053,81
87054,81
87055,81
87056,81
86944,48
87006,48
87035,48
87118,48
87119,48
87180,48
